createdAt,userId,location,email,name
2025-11-20 10:39:49.755704+00:00,user_1,Pune,user1@example.com,User 1
2025-11-20 10:39:55.466254+00:00,user_10,Mumbai,user10@example.com,User 10
2025-11-20 10:39:51.788914+00:00,user_2,Nashik,user2@example.com,User 2
2025-11-20 10:39:52.083918+00:00,user_3,Nagpur,user3@example.com,User 3
2025-11-20 10:39:53.357493+00:00,user_4,Pune,user4@example.com,User 4
2025-11-20 10:39:53.657654+00:00,user_5,Mumbai,user5@example.com,User 5
2025-11-20 10:39:53.937276+00:00,user_6,Mumbai,user6@example.com,User 6
2025-11-20 10:39:54.477630+00:00,user_7,Nagpur,user7@example.com,User 7
2025-11-20 10:39:54.899168+00:00,user_8,Nagpur,user8@example.com,User 8
2025-11-20 10:39:55.179040+00:00,user_9,Nashik,user9@example.com,User 9
